Top queries,Clicks,Impressions,CTR,Position
window cleaning bucket,11,1718,0.64%,4.85
squeegee bucket,8,883,0.91%,4.81
window cleaning buckets,4,529,0.76%,5.72
window washing bucket,3,1250,0.24%,4.28
window cleaning bucket with lid,3,247,1.21%,3.14
bucket for window cleaning,2,123,1.63%,4.15
window wash bucket,1,163,0.61%,4.94
window squeegee bucket,1,126,0.79%,3.71
window cleaners bucket,1,120,0.83%,8.04
squeegee buckets,1,63,1.59%,3.67
glass cleaner bucket,1,21,4.76%,4.76
bucket for cleaning supplies,1,4,25%,13.5
cleaning bucket,0,1529,0%,14.94
cleaning buckets,0,1457,0%,14.99
window cleaner bucket,0,376,0%,5.44
window bucket,0,283,0%,3.75
window cleaners bucket with lid,0,200,0%,18.35
window washer bucket,0,199,0%,5.13
windshield squeegee buckets,0,179,0%,3.82
bucket cleaner,0,169,0%,9.88
squeegee bucket with lid,0,162,0%,5.04
windshield squeegee bucket,0,155,0%,9.51
what do window cleaners use in their buckets,0,148,0%,18.07
bucket window,0,134,0%,3.75
window washing buckets,0,103,0%,5.18
6 gallon bucket,0,91,0%,11.79
wcr window cleaning supplies,0,87,0%,1.06
squeegee and bucket,0,70,0%,5.06
bucket windows,0,68,0%,2.37
bucket window cleaning,0,68,0%,6.04
window clean bucket,0,66,0%,5.02
window cleaning kit with bucket,0,65,0%,9.28
car window squeegee with bucket,0,64,0%,6.69
unger window cleaning bucket,0,62,0%,8.97
window cleaning basket,0,61,0%,3.21
glass cleaning bucket,0,60,0%,5.67
bucket for cleaning,0,60,0%,12.28
squeegee bucket kit,0,59,0%,4.29
bucket squeegee,0,53,0%,3.98
cleaning supplies bucket,0,39,0%,22.38
window cleaner.com,0,36,0%,1.94
bucket,0,34,0%,2.12
10 gallon window cleaning bucket,0,33,0%,2.85
triple crown 6 gallon rectangular bucket window cleaning,0,33,0%,10.36
puke bucket,0,31,0%,7.32
washing bucket,0,25,0%,8.56
bucket for squeegee,0,23,0%,4.17
cleaning bucket with lid,0,17,0%,10.35
windshield washer bucket,0,16,0%,10.56
cleaning+buckets,0,16,0%,20.56
bucket washer,0,16,0%,50.81
squeege bucket,0,15,0%,3.87
window cleaning round,0,15,0%,38.27
gutter cleaning bucket,0,14,0%,2.79
washing buckets,0,14,0%,6.36
cleaner bucket,0,14,0%,6.71
window cleaning cart,0,12,0%,5.08
ettore window cleaning bucket,0,12,0%,11
window washing kit with bucket,0,12,0%,15.25
window washer basket,0,11,0%,4.09
window cowboy,0,11,0%,6.36
bucket of cleaning supplies,0,11,0%,14.73
cleaning supply bucket,0,11,0%,30.18
local guide program,0,9,0%,1
"intitle:""cleaning buckets""",0,9,0%,5
window washing basket,0,9,0%,5
window cleaning funnel website,0,9,0%,7
clean out buckets,0,9,0%,71.67
bucket cleaning,0,8,0%,3.25
windowcleaner.com,0,8,0%,4
lavex 6 gallon window cleaning bucket with sieve,0,8,0%,8.5
ettore super bucket,0,8,0%,10.88
black window cleaner,0,7,0%,7.43
bucket squeegees logo,0,7,0%,10.29
clean bucket,0,7,0%,11.29
rectangular cleaning bucket,0,7,0%,12.29
cleaning bucket supplies,0,7,0%,19.43
buckets for cleaning,0,7,0%,43.57
buckets & tools,0,7,0%,88.43
window cleaning bucket and squeegee,0,6,0%,4.67
cleaners bucket,0,6,0%,5.17
window washing bucket home depot,0,6,0%,9
windowcleaning.com,0,6,0%,10.5
clearing bucket,0,6,0%,14.5
wcr window,0,5,0%,1
window cleaner com,0,5,0%,1
vuplex plastic cleaning kit,0,5,0%,10.4
window cleaner for sale,0,5,0%,10.4
buckets,0,5,0%,16
220 conibear bucket set,0,4,0%,6.25
window cleaning hip bucket,0,4,0%,7.75
window cleaning goody,0,4,0%,10.75
heavy duty 6 gallon bucket,0,4,0%,11
rectangle buckets,0,4,0%,12.25
cleaning products bucket,0,4,0%,14
small bucket for cleaning,0,4,0%,15
bucket window car,0,3,0%,4
unger pro kit complet 5in1 reviews,0,3,0%,5.67
window cleaner .com,0,3,0%,10.33
window cleaning bootjack,0,3,0%,10.67
cleaning bucket with supplies,0,3,0%,17
buckets for cleaning supplies,0,3,0%,18.67
window cleaning scrubbers,0,3,0%,61.33
cleaning pails,0,3,0%,85.67
glass cleaning supplies,0,2,0%,2
window washing cart,0,2,0%,3
how do i choose the right size bucket for cleaning tasks?,0,2,0%,4
wcr windows,0,2,0%,5.5
window cleaning,0,2,0%,5.5
buckets cleaning,0,2,0%,7
window cleaner,0,2,0%,8
pus bucket,0,2,0%,8.5
powerblade window cleaner,0,2,0%,9
commercial window washing,0,2,0%,9.5
gas station windshield wash bucket,0,2,0%,9.5
clean buckets,0,2,0%,10
curved window cleaner,0,2,0%,10.5
bucket sets,0,2,0%,11.5
pink window cleaner kit,0,2,0%,11.5
pink window cleaning kit,0,2,0%,11.5
plastic window cleaning,0,2,0%,12
large cleaning bucket,0,2,0%,14
window squeegee that catches water,0,2,0%,14
standard buckets,0,2,0%,32.5
window water cleaner,0,2,0%,42.5
window cleaning sponges,0,2,0%,71
cwc window cleaning,0,2,0%,80
cleanup bucket,0,2,0%,84.5
glass bucket,0,2,0%,89.5
electric window cleaner site:myshopify.com,0,2,0%,209
best glass squeegee,0,1,0%,1
bucket bucket,0,1,0%,1
commercial glass cleaning tools,0,1,0%,1
dawn buckets,0,1,0%,1
different bucket sizes,0,1,0%,1
plastic container,0,1,0%,1
professional glass cleaning tools,0,1,0%,1
rectangular bucket,0,1,0%,1
regular bucket size,0,1,0%,1
window cleaners near me,0,1,0%,1
window washing near me,0,1,0%,1
#windowcleaner,0,1,0%,2
bucket for window squeegee,0,1,0%,2
bucket set,0,1,0%,2
foÌˆnsterputsset unger komplett reviews,0,1,0%,2
glass cleaning equipment suppliers,0,1,0%,2
how to use unger window cleaner,0,1,0%,2
kit de nettoyage des vitres ergotec unger reviews,0,1,0%,2
professional window cleaning tools,0,1,0%,2
types of bucket,0,1,0%,2
window cleaner supplier,0,1,0%,2
window cleaning rounds for sale,0,1,0%,2
window cleaning setup,0,1,0%,2
window squeegee and bucket,0,1,0%,2
6 gallon bucket dimensions,0,1,0%,3
bucket on a belt window cleaning,0,1,0%,3
cubetas de manteca de puerco,0,1,0%,3
mop bucket dimensions,0,1,0%,3
size of paint bucket,0,1,0%,3
window,0,1,0%,3
window cleaning resource,0,1,0%,3
buccket,0,1,0%,4
bucket with lid,0,1,0%,4
different sizes of buckets,0,1,0%,4
how to professionally clean windows,0,1,0%,4
indoor window cleaning tools,0,1,0%,4
a bucket,0,1,0%,5
bucket and hose,0,1,0%,5
cubeta de impermeabilizante comex,0,1,0%,5
pink cleaning bucket,0,1,0%,5
rectangle bucket,0,1,0%,5
window cart,0,1,0%,5
window cleaning kit,0,1,0%,5
window magic supply,0,1,0%,5
6 gallon bucket near me,0,1,0%,6
bucket and scoop,0,1,0%,6
oblong buckets,0,1,0%,6
polyurethane bucket,0,1,0%,6
black bucket,0,1,0%,7
latest mygreenbucksnet,0,1,0%,7
window cleaning buckets on a belt,0,1,0%,7
professional window washing kit,0,1,0%,8
soap buckets,0,1,0%,8
window cleaning huddy,0,1,0%,8
window squeegee that collects the water,0,1,0%,8
bucket clean,0,1,0%,9
slip bucket,0,1,0%,9
bucket system,0,1,0%,10
megaplex bucket,0,1,0%,10
site:windowcleaner.com,0,1,0%,10
window carts,0,1,0%,11
lull with bucket,0,1,0%,12
bucket scrubber,0,1,0%,13
oblong bucket,0,1,0%,13
okrs supers buckets,0,1,0%,13
wind bucket,0,1,0%,13
cleaning tools bucket,0,1,0%,14
products bucket,0,1,0%,14
bucket to hold cleaning supplies,0,1,0%,15
#bucket,0,1,0%,16
bucket cleaning supplies,0,1,0%,22